rank,name,id
1,Brass: Birmingham,224517
2,Pandemic Legacy: Season 1,161936
3,Ark Nova,342942
4,Gloomhaven,174430
5,Twilight Imperium: Fourth Edition,233078
6,Dune: Imperium,316554
7,Terraforming Mars,167791
8,War of the Ring: Second Edition,115746
9,Star Wars: Rebellion,187645
10,Spirit Island,162886
11,Gloomhaven: Jaws of the Lion,291457
12,Gaia Project,220308
13,Twilight Struggle,12333
14,Through the Ages: A New Story of Civilization,182028
15,The Castles of Burgundy,84876
16,Great Western Trail,193738
17,Dune: Imperium – Uprising,397598
18,Scythe,169786
19,Eclipse: Second Dawn for the Galaxy,246900
20,7 Wonders Duel,173346
21,Brass: Lancashire,28720
22,Nemesis,167355
23,Clank! Legacy: Acquisitions Incorporated,266507
24,A Feast for Odin,177736
25,Concordia,124361
26,Frosthaven,295770
27,Great Western Trail: Second Edition,341169
28,Arkham Horror: The Card Game,205637
29,Lost Ruins of Arnak,312484
30,Root,237182
31,Terra Mystica,120677
32,Wingspan,266192
33,Too Many Bones,192135
34,Orléans,164928
35,Mage Knight Board Game,96848
36,Barrage,251247
37,The Crew: Mission Deep Sea,324856
38,Everdell,199792
39,Viticulture Essential Edition,183394
40,Sky Team,373106
41,Heat: Pedal to the Metal,366013
42,Marvel Champions: The Card Game,285774
43,Food Chain Magnate,175914
44,Pax Pamir: Second Edition,256960
45,Underwater Cities,247763
46,Crokinole,521
47,Kanban EV,284378
48,Puerto Rico,3076
49,Cascadia,295947
50,Caverna: The Cave Farmers,102794
51,Pandemic Legacy: Season 0,314040
52,Anachrony,185343
53,On Mars,184267
54,Blood Rage,170216
55,Agricola,31260
56,Hegemony: Lead Your Class to Victory,321608
57,Cthulhu: Death May Die,253344
58,Sleeping Gods,255984
59,Oathsworn: Into the Deepwood,251661
60,Lisboa,161533
61,Pandemic Legacy: Season 2,221107
62,Obsession,231733
63,Mansions of Madness: Second Edition,205059
64,Grand Austria Hotel,182874
65,Tzolk'in: The Mayan Calendar,126163
66,Power Grid,2651
67,Maracaibo,276025
68,The Quacks of Quedlinburg,244521
69,Clans of Caledonia,216132
70,Le Havre,35677
71,The Gallerist,125153
72,Age of Innovation,383179
73,Paladins of the West Kingdom,266810
74,Star Wars: Imperial Assault,164153
75,Android: Netrunner,124742
76,Mechs vs. Minions,209010
77,The Crew: The Quest for Planet Nine,284083
78,Kingdom Death: Monster,55690
79,Agricola (Revised Edition),200680
80,Azul,230802
81,Race for the Galaxy,28143
82,Clank!: Catacombs,365717
83,Five Tribes: The Djinns of Naqala,157354
84,Clank!: A Deck-Building Adventure,201808
85,Eclipse: New Dawn for the Galaxy,72125
86,Fields of Arle,159675
87,Aeon's End,191189
88,The Lord of the Rings: Duel for Middle-earth,421006
89,Lords of Waterdeep,110327
90,Teotihuacan: City of Gods,229853
91,El Grande,93
92,Beyond the Sun,317985
93,Through the Ages: A Story of Civilization,25613
94,Revive,332772
95,Dominant Species,62219
96,Concordia Venus,256916
97,7 Wonders,68448
98,Robinson Crusoe: Adventures on the Cursed Island,121921
99,The Voyages of Marco Polo,171623
100,SCOUT,291453
101,The Search for Planet X,279537
102,Darwin's Journey,322289
103,Wingspan Asia,366161
104,The White Castle,371942
105,Decrypto,225694
106,Trickerion: Legends of Illusion,163068
107,Inis,155821
108,Tainted Grail: The Fall of Avalon,264220
109,Battlestar Galactica: The Board Game,37111
110,Final Girl,277659
111,Slay the Spire: The Board Game,338960
112,Splendor Duel,364073
113,Architects of the West Kingdom,236457
114,Carnegie,310873
115,Keyflower,122515
116,Tigris & Euphrates,42
117,Raiders of the North Sea,170042
118,Great Western Trail: New Zealand,380607
119,Dominion: Intrigue,40834
120,Dwellings of Eldervale,271055
121,The Quest for El Dorado,217372
122,Caylus,18602
123,Ticket to Ride Legacy: Legends of the West,390092
124,Lorenzo il Magnifico,203993
125,Troyes,73439
126,Eldritch Horror,146021
127,Harmonies,414317
128,Mombasa,172386
129,Blood on the Clocktower,240980
130,The Lord of the Rings: Journeys in Middle-Earth,269385
131,Ra,12
132,Voidfall,337627
133,Twilight Imperium: Third Edition,12493
134,Patchwork,163412
135,Nemesis: Lockdown,310100
136,Trajan,102680
137,Russian Railroads,144733
138,Dominion,36218
139,Age of Steam,4098
140,The 7th Continent,180263
141,Rising Sun,205896
142,Hansa Teutonica,43015
143,Aeon's End: War Eternal,218417
144,Vinhos: Deluxe Edition,175640
145,Wonderland's War,227935
146,Arcs,359871
147,Clank! In! Space!: A Deck-Building Adventure,233371
148,Forbidden Stars,175155
149,Iberia,198928
150,Yokohama,196340
151,Codenames,178900
152,Champions of Midgard,172287
153,Just One,254640
154,Roll for the Galaxy,132531
155,PARKS,266524
156,Pandemic,30549
157,Rajas of the Ganges,220877
158,Targi,118048
159,Wyrmspan,410201
160,The Isle of Cats,281259
161,Hadrian's Wall,304783
162,Cartographers,263918
163,Res Arcana,262712
164,Star Realms,147020
165,Tyrants of the Underdark,189932
166,Watergate,274364
167,Alchemists,161970
168,It's a Wonderful World,271324
169,Magic: The Gathering,463
170,Ticket to Ride: Europe,14996
171,Undaunted: Normandy,268864
172,Too Many Bones: Undertow,235802
173,ISS Vanguard,325494
174,Praga Caput Regni,308765
175,The Lord of the Rings: The Card Game,77423
176,Stone Age,34635
177,Kemet,127023
178,Sherlock Holmes Consulting Detective: The Thames Murders & Other Cases,2511
179,Endeavor: Age of Sail,233398
180,Nucleum,396790
181,Terraforming Mars: Ares Expedition,328871
182,Viscounts of the West Kingdom,296151
183,Dominion (Second Edition),209418
184,War Chest,249259
185,Legendary Encounters: An Alien Deck Building Game,146652
186,Istanbul,148949
187,Glen More II: Chronicles,265188
188,Star Wars: X-Wing Miniatures Game,103885
189,Marco Polo II: In the Service of the Khan,283948
190,Unmatched: Cobble & Fog,294484
191,That's Pretty Clever!,244522
192,Radlands,329082
193,Xia: Legends of a Drift System,82222
194,Jaipur,54043
195,Welcome To...,233867
196,Planet Unknown,258779
197,Earth,350184
198,Dune,283355
199,War of the Ring,9609
200,Chaos in the Old World,43111
201,Welcome to the Moon,339789
202,This War of Mine: The Board Game,188920
203,Star Wars: Outer Rim,271896
204,Memoir '44,10630
205,Descent: Journeys in the Dark (Second Edition),104162
206,The Red Cathedral,227224
207,Meadow,314491
208,Cosmic Encounter,39463
209,Sekigahara: The Unification of Japan,25021
210,Sagrada,199561
211,Great Western Trail: Argentina,364011
212,Castles of Mad King Ludwig,155426
213,Horrified,282524
214,Space Base,242302
215,The Resistance: Avalon,128882
216,Railways of the World,17133
217,Azul: Summer Pavilion,287954
218,Modern Art,118
219,Paleo,300531
220,Ticket to Ride: Nordic Countries,31627
221,7 Wonders (Second Edition),316377
222,A Game of Thrones: The Board Game (Second Edition),103343
223,Ora et Labora,70149
224,Go,188
225,Arkham Horror: The Card Game (Revised Edition),359609
226,Commands & Colors: Ancients,14105
227,Captain Sonar,171131
228,Suburbia,123260
229,Star Wars: The Deckbuilding Game,374173
230,Carcassonne,822
231,Village,104006
232,Splendor,148228
233,Dead of Winter: A Crossroads Game,150376
234,Ankh: Gods of Egypt,285967
235,Clash of Cultures: Monumental Edition,299659
236,Aeon's End: Legacy,241451
237,Tichu,215
238,Nidavellir,293014
239,Return to Dark Tower,256680
240,Star Realms: Colony Wars,182631
241,The Taverns of Tiefenthal,269207
242,Paths of Glory,91
243,Under Falling Skies,306735
244,Forest Shuffle,391163
245,Coimbra,245638
246,Ticket to Ride,9209
247,YINSH,7854
248,Nations,126042
249,Near and Far,195421
250,Calico,283155
251,My City,295486
252,Combat Commander: Europe,21050
253,Cyclades,54998
254,John Company: Second Edition,332686
255,Secret Hitler,188834
256,KLASK,165722
257,Dinosaur Island,221194
258,La Granja,146886
259,Codenames: Duet,224037
260,Fantasy Realms,223040
261,Camel Up (Second Edition),260605
262,Legendary: A Marvel Deck Building Game,129437
263,Century: Golem Edition,232832
264,Hanamikoji,158600
265,Deception: Murder in Hong Kong,156129
266,"Unmatched: Battle of Legends, Volume One",274637
267,Sushi Go Party!,192291
268,MicroMacro: Crime City,318977
269,Zombicide: Black Plague,176189
270,Flamme Rouge,199478
271,The Princes of Florence,555
272,Roll Player,169426
273,Isle of Skye: From Chieftain to King,176494
274,Samurai,3
275,Hallertau,300322
276,Glory to Rome,19857
277,Vindication,224783
278,Western Legends,232405
279,Santorini,194655
280,Kanban: Driver's Edition,109276
281,Hero Realms,198994
282,Pulsar 2849,228341
283,Goa: A New Expedition,9216
284,Tapestry,286096
285,1830: Railways & Robber Barons,421
286,Shogun,20551
287,Galaxy Trucker,31481
288,Anno 1800: The Board Game,311193
289,Endless Winter: Paleoamericans,305096
290,Detective: A Modern Crime Board Game,223321
291,Viticulture,128621
292,1960: The Making of the President,27708
293,Chronicles of Crime,239188
294,Lewis & Clark: The Expedition,140620
295,Monikers,156546
296,Bitoku,323612
297,Mind MGMT: The Psychic Espionage “Game.”,284653
298,Kingdomino,204583
299,Bora Bora,127060
300,Steam,27833
301,Oath,291572
302,Battle Line,760
303,Kemet: Blood and Sand,297562
304,So Clover!,329839
305,Marvel United,298047
306,Tiletum,351913
307,Star Realms: Frontiers,230253
308,Hive,2655
309,Skull King,150145
310,T.I.M.E Stories,146508
311,Rococo,144344
312,Forgotten Waters,302723
313,Aeon's End: The New Age,270633
314,Cryptid,246784
315,Cthulhu Wars,139976
316,Ethnos,206718
317,Dice Throne: Season Two – Battle Chest,244271
318,Seasons,108745
319,Dixit: Odyssey,92828
320,Distilled,295895
321,Arcadia Quest,155068
322,Turing Machine,356123
323,Long Shot: The Dice Game,295374
324,Sea Salt & Paper,367220
325,The Manhattan Project: Energy Empire,176734
326,Indonesia,19777
327,Foundations of Rome,284189
328,Imperial,24181
329,Telestrations,46213
330,Navegador,66589
331,Onitama,160477
332,Arkham Horror (Third Edition),257499
333,Apiary,400314
334,Lost Cities,50
335,Love Letter,277085
336,Dungeon Petz,97207
337,Imperium: Classics,318184
338,For Sale,172
339,Space Alert,38453
340,Power Grid Deluxe: Europe/North America,155873
341,Age of Empires III: The Age of Discovery,22545
342,Cloudspire,262211
343,The Great Zimbabwe,111341
344,Cat in the Box: Deluxe Edition,345972
345,Acquire,5
346,The King's Dilemma,245655
347,The King Is Dead: Second Edition,319966
348,Imperial Settlers,154203
349,Survive: Escape from Atlantis!,2653
350,Nemo's War (Second Edition),187617
351,Love Letter,129622
352,Glass Road,143693
353,The Witcher: Old World,331106
354,Fury of Dracula (Third/Fourth Edition),181279
355,Tikal,54
356,Summoner Wars (Second Edition),332800
357,Bunny Kingdom,184921
358,Century: Spice Road,209685
359,Imperial 2030,54138
360,Faraway,385761
361,Bruges,136888
362,Summoner Wars: Master Set,93260
363,Awkward Guests: The Walton Case,188866
364,Heaven & Ale,227789
365,Tiny Epic Galaxies,163967
366,Destinies,285192
367,Chinatown,47
368,Nusfjord,234277
369,Alien Frontiers,48726
370,Wayfarers of the South Tigris,350316
371,Thunder Road: Vendetta,342070
372,Runewars,59294
373,Project L,260180
374,Exit: The Game – The Abandoned Cabin,203420
375,Small World,40692
376,Flamecraft,336986
377,Burgle Bros.,172081
378,Merchants & Marauders,25292
379,Innovation,63888
380,Raiders of Scythia,301880
381,Bonfire,304420
382,Above and Below,172818
383,Dead of Winter: The Long Night,193037
384,Dorfromantik: The Board Game,370591
385,Arboretum,140934
386,Neuroshima Hex! 3.0,21241
387,Antiquity,13122
388,Mission: Red Planet (Second/Third Edition),176920
389,Bärenpark,219513
390,Sid Meier's Civilization: The Board Game,77130
391,Furnace,318084
392,Sidereal Confluence,202426
393,Mindbug: First Contact,345584
394,Letters from Whitechapel,59959
395,Gizmos,246192
396,Dungeon Lords,45315
397,Dixit,39856
398,Tekhenu: Obelisk of the Sun,297030
399,Marvel United: X-Men,336382
400,Harry Potter: Hogwarts Battle,199042
401,BattleLore: Second Edition,146439
402,Pax Renaissance: 2nd Edition,308119
403,Takenoko,70919
404,Ginkgopolis,128271
405,SETI: Search for Extraterrestrial Intelligence,418059
406,Mysterium,181304
407,Ghost Stories,37046
408,Maria,40354
409,San Juan,8217
410,The Resistance,41114
411,"Air, Land, & Sea",247367
412,Abyss,155987
413,Agricola: All Creatures Big and Small,119890
414,Dead Reckoning,276182
415,Frostpunk: The Board Game,311988
416,Blood Bowl: Team Manager – The Card Game,90137
417,Carpe Diem,245934
418,Schotten Totten,372
419,Star Wars: Armada,163745
420,Lords of Hellas,222509
421,51st State: Master Set,192458
422,The Guild of Merchant Explorers,350933
423,The Lord of the Rings: The Card Game – Revised Core Set,349067
424,Hannibal: Rome vs. Carthage,234
425,Expeditions,379078
426,Unmatched: Robin Hood vs. Bigfoot,274638
427,Altiplano,234487
428,Newton,244711
429,Fall of Rome,260428
430,Smartphone Inc.,246684
431,The Pillars of the Earth,24480
432,Notre Dame,25554
433,Twice as Clever!,269210
434,The Godfather: Corleone's Empire,195539
435,At the Gates of Loyang,39683
436,Mage Wars Arena,101721
437,Marrakesh,342810
438,Gùgōng,250458
439,Saint Petersburg,9217
440,Cartographers Heroes,315767
441,Arkham Horror,15987
442,Blitzkrieg!: World War Two in 20 Minutes,258210
443,King of Tokyo,70323
444,Keep the Heroes Out!,333255
445,Honey Buzz,284742
446,Chess,171
447,Downforce,215311
448,Akropolis,357563
449,Skull,92415
450,Die Macher,1
451,Dice Forge,194594
452,Endeavor,33160
453,In the Year of the Dragon,31594
454,Ticket to Ride: Märklin,21348
455,Descent: Legends of the Dark,322708
456,London (Second Edition),236191
457,Cubitos,298069
458,Tiny Towns,265736
459,IKI,177478
460,Boonlake,343905
461,Bruxelles 1893,144592
462,Azul: Stained Glass of Sintra,256226
463,San Juan (Second Edition),166669
464,King of Tokyo: Dark Edition,293141
465,Evolution: Climate,182134
466,Codenames: Pictures,198773
467,Pan Am,303057
468,Civilization,71
469,Spartacus: A Game of Blood and Treachery,128671
470,Here I Stand,17392
471,Firefly: The Game,138161
472,Ready Set Bet,351040
473,Biblios,34219
474,Mythic Battles: Pantheon,186751
475,Andromeda's Edge,358661
476,Wavelength,262543
477,The Great Wall,292375
478,Imperial Struggle,206480
479,Sword & Sorcery,170771
480,Santa Maria,229220
481,Space Hulk (Third Edition),54625
482,Imperium: Legends,318182
483,Sherlock Holmes Consulting Detective: Jack the Ripper & West End Adventures,204305
484,Sprawlopolis,251658
485,Millennium Blades,151347
486,Fresco,66188
487,Clash of Cultures,40765
488,Nippon,154809
489,Stockpile,161614
490,Flash Point: Fire Rescue,100901
491,Commands & Colors: Napoleonics,62222
492,Macao,55670
493,Kingsburg,27162
494,Mice and Mystics,124708
495,Woodcraft,355093
496,Thunderstone Quest,215341
497,PitchCar,150
498,Dune,121
499,Mandala,264241
500,Claustrophobia,36932
501,Black Orchestra,156858
502,Lord of the Rings: The Confrontation,18833
503,The LOOP,316412
504,Caper: Europe,328565
505,Reign of Cthulhu,192153
506,The Manhattan Project,63628
507,Libertalia: Winds of Galecrest,356033
508,Heroscape Master Set: Rise of the Valkyrie,11170
509,Advanced Squad Leader,243
510,Zombicide: 2nd Edition,286751
511,Unsettled,290484
512,Lancaster,96913
513,Middara: Unintentional Malum – Act 1,169427
514,Dawn of the Zeds (Third Edition),175095
515,MicroMacro: Crime City – Full House,338834
516,The Vale of Eternity,385529
517,Glen More,66362
518,Pipeline,256730
519,A Few Acres of Snow,79828
520,Quadropolis,176396
521,Colt Express,158899
522,Citadels,205398
523,No Thanks!,12942
524,Imperial Settlers: Empires of the North,270844
525,Black Rose Wars,239942
526,Zombie Kidz Evolution,256952
527,High Society,220
528,Bohnanza,11
529,Unmatched: Little Red Riding Hood vs. Beowulf,325635
530,Hadara,269144
531,Undaunted: North Africa,290359
532,Trekking Through History,353288
533,Fantastic Factories,216600
534,Fire in the Lake,144189
535,Point Salad,274960
536,Stuffed Fables,233312
537,Mystic Vale,194607
538,"Unmatched: Battle of Legends, Volume Two",335764
539,Citadels,478
540,Feed the Kraken,271601
541,Legacy of Yu,354934
542,Canvas,290236
543,Endeavor: Deep Sea,367966
544,Amun-Re,5404
545,Massive Darkness 2: Hellscape,315610
546,For Northwood! A Solo Trick-Taking Game,334590
547,Shadows over Camelot,15062
548,Amerigo,137408
549,Lords of Vegas,20437
550,BattleLore,25417
551,Friday,43570
552,Hanabi,98778
553,Potion Explosion,180974
554,Betrayal Legacy,240196
555,Pandemic: The Cure,150658
556,Exit: The Game – Dead Man on the Orient Express,226522
557,Junk Art,193042
558,Forbidden Desert,136063
559,Deus,162082
560,Sheriff of Nottingham,157969
561,Through the Desert,503
562,Mansions of Madness,83330
563,Blood Bowl (Third Edition),712
564,Descent: Journeys in the Dark,17226
565,Charterstone,197376
566,Oceans,232414
567,Imhotep,191862
568,Risk Legacy,105134
569,CATAN,13
570,Thurn and Taxis,21790
571,Shadows of Brimstone: City of the Ancients,146791
572,Railroad Ink: Deep Blue Edition,245654
573,Aquatica,283393
574,Raptor,177639
575,World Wonders,365258
576,Dune: War for Arrakis,367150
577,Argent: The Consortium,144797
578,"Labyrinth: The War on Terror, 2001 – ?",62227
579,Bus,552
580,QE,266830
581,Alhambra,6249
582,Port Royal,156009
583,Escape Plan,142379
584,Kutná Hora: The City of Silver,385610
585,Pagan: Fate of Roanoke,319910
586,Star Wars: X-Wing (Second Edition),252328
587,1846: The Race for the Midwest,17405
588,Blood Bowl: Living Rulebook,15985
589,Etherfields,280794
590,1775: Rebellion,128996
591,Ingenious,9674
592,Freedom: The Underground Railroad,119506
593,Blackout: Hong Kong,262215
594,Small World Underground,97786
595,Splendor: Marvel,293296
596,Fleet: The Dice Game,245961
597,Skymines,359438
598,TZAAR,31999
599,Nova Luna,284435
600,Las Vegas,117959
601,Unfathomable,340466
602,Love Letter: Premium Edition,196326
603,The Grizzled,171668
604,Aeon Trespass: Odyssey,242705
605,Wabash Cannonball,31730
606,RoboRally,18
607,Runebound (Third Edition),181530
608,Discworld: Ankh-Morpork,91312
609,Camel Up,153938
610,Dinosaur Island: Rawr 'n Write,318009
611,Next Station: London,353545
612,Libertalia,125618
613,Sushi Go!,133473
614,First Class: All Aboard the Orient Express!,206941
615,London,65781
616,Regicide,307002
617,Lacrimosa,348450
618,Unmatched Adventures: Tales to Amaze,381297
619,Airlines Europe,90419
620,Valeria: Card Kingdoms,170561
621,Jamaica,28023
622,The Fox in the Forest,221965
623,Legends of Andor,127398
624,Elysium,163968
625,Last Will,97842
626,Karuba,183251
627,Horizons of Spirit Island,367498
628,Galaxy Trucker (Second Edition),336794
629,Archipelago,105551
630,Atlantis Rising (Second Edition),248490
631,Vikings,27173
632,Euphoria: Build a Better Dystopia,133848
633,Madeira,95527
634,One Night Ultimate Werewolf,147949
635,Taj Mahal,475
636,Space Empires 4X,84419
637,StarCraft: The Board Game,22827
638,In the Hall of the Mountain King,265402
639,Sentinels of the Multiverse,102652
640,Unconscious Mind,329500
641,DVONN,2346
642,Time's Up! Title Recall!,36553
643,Tales of the Arabian Nights,34119
644,Carcassonne: Hunters and Gatherers,4390
645,Draftosaurus,264055
646,Broom Service,172308
647,Warp's Edge,296237
648,Pax Porfiriana,128780
649,Baseball Highlights: 2045,151022
650,Queendomino,232043
651,Crusaders: Thy Will Be Done,170624
652,Nexus Ops,15363
653,Colosseum,27746
654,Pathfinder Adventure Card Game: Rise of the Runelords – Base Set,133038
655,Detective: City of Angels,218074
656,Star Trek: Ascendancy,193949
657,Dice Throne: Season One,216734
658,Vinhos,42052
659,Roads & Boats,875
660,Egizia,58421
661,Azul: Queen's Garden,346965
662,Knarr,379629
663,Weather Machine,237179
664,Let's Go! To Japan,368173
665,Unlock!: Heroic Adventures,266121
666,Creature Comforts,304051
667,Tobago,42215
668,Triumph & Tragedy: European Balance of Power 1936-1945,130960
669,Take 5,432
670,AquaSphere,159508
671,BattleCON: Devastation of Indines,123123
672,My Father's Work,328866
673,Project: ELITE,256999
674,Paperback,141572
675,Coup,131357
676,The Colonists,192836
677,Unmatched: Jurassic Park – InGen vs Raptors,284777
678,Cooper Island,269511
679,Cuba Libre,111799
680,Shards of Infinity,244115
681,Silver & Gold,270673
682,HeroQuest,699
683,Struggle of Empires,9625
684,Automobile,39351
685,Coloretto,5782
686,Bullet♥︎,307305
687,Scholars of the South Tigris,367041
688,Medici,46
689,Unmatched Game System,295564
690,Francis Drake,140603
691,Barcelona,383607
692,Whitehall Mystery,190082
693,War of the Ring: The Card Game,362944
694,Thebes,30869
695,The Battle of Five Armies,135219
696,Carson City,39938
697,Zombicide: Green Horde,224710
698,Zombicide,113924
699,Evolution,155703
700,A Game of Thrones,6472
701,Gears of War: The Board Game,42776
702,Golem,298383
703,Conan,160010
704,Trio,352515
705,First Rat,347703
706,Quantum,143519
707,Hammer of the Scots,3685
708,Star Wars: Destiny,205359
709,Three Sisters,291845
710,Yellow & Yangtze,244114
711,Betrayal at House on the Hill,10547
712,A Fake Artist Goes to New York,135779
713,Formula D,37904
714,HITSTER,318243
715,A Game of Thrones: The Card Game (Second Edition),169255
716,Telestrations: 12 Player Party Pack,153016
717,The Downfall of Pompeii,13004
718,Mosaic: A Story of Civilization,329551
719,Photosynthesis,218603
720,Time's Up!,1353
721,Blood Bowl (2016 Edition),212445
722,Mare Nostrum: Empires,174785
723,Between Two Castles of Mad King Ludwig,258036
724,Taluva,24508
725,Living Forest,328479
726,Disney Villainous: Wicked to the Core,271518
727,Kingdom Builder,107529
728,Cacao,171499
729,Beer & Bread,369880
730,Magic Maze,209778
731,Lord of the Rings: The Confrontation,3201
732,Brian Boru: High King of Ireland,337765
733,Elder Sign,100423
734,Cribbage,2398
735,Mille Fiori,346501
736,Trains,121408
737,Pax Renaissance,198953
738,Mr. Jack,21763
739,Fort,296912
740,High Frontier 4 All,281655
741,Star Wars: The Clone Wars,370913
742,One Night Ultimate Werewolf: Daybreak,163166
743,Merv: The Heart of the Silk Road,306040
744,Dominant Species: Marine,262941
745,Chronicles of Crime: 1400,300300
746,Bloodborne: The Board Game,273330
747,Verdant,334065
748,Trails of Tucana,283864
749,The Adventures of Robin Hood,326494
750,Civilization: A New Dawn,233247
751,Star Wars: X-Wing Miniatures Game – The Force Awakens Core Set,183562
752,The Republic of Rome,1513
753,Snowdonia,119432
754,Churchill,132018
755,Railroad Ink Challenge: Lush Green Edition,306881
756,Shakespeare,180511
757,Unlock!: Timeless Adventures,279613
758,Summoner Wars,58281
759,Twilight Inscription,361545
760,Feudum,163839
761,Sub Terra,204472
762,Escape: The Curse of the Temple,113294
763,The Magnificent,283863
764,Disney Villainous: Evil Comes Prepared,284760
765,The Oracle of Delphi,193558
766,AuZtralia,231581
767,Torres,88
768,Can't Stop,41
769,KeyForge: Call of the Archons,257501
770,Belfort,50750
771,Ascension: Deckbuilding Game,69789
772,Cuba,30380
773,Mexica,2955
774,Ticket to Ride: Rails & Sails,202670
775,D-Day at Omaha Beach,29603
776,Treasure Island,242639
777,Whistle Mountain,301255
778,Federation,345868
779,The Bloody Inn,180593
780,Yamataï,213893
781,Babylonia,266164
782,Tokaido,123540
783,Ashes Reborn: Rise of the Phoenixborn,167400
784,7 Wonders: Architects,346703
785,Oh My Goods!,183840
786,Luna,70512
787,Dixit: Journey,121288
788,The Estates,249381
789,Onirim (Second Edition),156336
790,Shikoku 1889,23540
791,Love Letter: Batman,168584
792,Century: A New World,270970
793,Carcassonne: The Castle,7717
794,The Shipwreck Arcana,220517
795,Myrmes,126792
796,Space Hulk: Death Angel – The Card Game,71721
797,Trismegistus: The Ultimate Formula,281442
798,Exit: The Game – The Pharaoh's Tomb,203416
799,Arkwright,154825
800,Tash-Kalar: Arena of Legends,146278
801,Top Ten,300905
802,Fury of Dracula (Second Edition),20963
803,Smash Up: Awesome Level 9000,134726
804,Wir sind das Volk!,165401
805,Daybreak,334986
806,Dragon Castle,232219
807,Shadows of Brimstone: Swamps of Death,150997
808,Star Wars: Unlimited,387866
809,Maquis,148729
810,Diplomacy,483
811,Earth Reborn,73171
812,BANG! The Dice Game,143741
813,Wits & Wagers,20100
814,Menara,244608
815,Leaving Earth,173064
816,City of the Big Shoulders,214880
817,Prêt-à-Porter,87890
818,Witchstone,318560
819,Defenders of the Realm,65532
820,Caesar!: Seize Rome in 20 Minutes!,338957
821,Steampunk Rally,162007
822,Crystal Palace,280480
823,Messina 1347,238799
824,Empire of the Sun: The Pacific War 1941-1945,11825
825,K2,73761
826,Coal Baron,143515
827,My Little Scythe,226320
828,Villagers,241724
829,ZhanGuo,160495
830,Specter Ops,155624
831,Between Two Cities,168435
832,The Networks,72321
833,Century: Eastern Wonders,242574
834,Warhammer Quest: The Adventure Card Game,181521
835,The 7th Citadel,286063
836,Tiny Epic Dungeons,331787
837,Vegas Showdown,15364
838,Roll Player Adventures,254708
839,Dogs of War,158435
840,Moonrakers,270239
841,New Frontiers,255692
842,La Granja: Deluxe Master Set,341945
843,Reef,244228
844,Detective Club,256788
845,New York Zoo,300877
846,Perudo,45
847,Advanced Squad Leader: Starter Kit #1,9823
848,Rhino Hero: Super Battle,218333
849,Yspahan,22345
850,CO₂: Second Chance,214887
851,Khôra: Rise of an Empire,299684
852,Ezra and Nehemiah,386368
853,Eminent Domain,68425
854,Blue Moon City,21882
855,Deep Sea Adventure,169654
856,Azul: Master Chocolatier,363247
857,Thunderstone Advance: Towers of Ruin,116998
858,Finca,40628
859,Blokus,2453
860,Middle-Earth Quest,31563
861,Wallenstein,3307
862,Wizard,1465
863,Paris: La Cité de la Lumière,276498
864,Disney Villainous: The Worst Takes it All,256382
865,The Pursuit of Happiness,181687
866,Warhammer: Invasion,47185
867,Undaunted: Stalingrad,354570
868,Shipyard,55600
869,Kanagawa,200147
870,878 Vikings: Invasions of England,204516
871,Ricochet Robots,51
872,Circadians: First Light,264052
873,Incan Gold,15512
874,Blue Lagoon,244331
875,Caverna: Cave vs Cave,220520
876,Crown of Emara,256570
877,Disney Villainous: Perfectly Wretched,299047
878,Dice Hospital,218121
879,Tumblin' Dice,16747
880,Railroad Ink: Blazing Red Edition,251678
881,Saint Petersburg (Second Edition),156943
882,Ex Libris,201825
883,Space Hulk,2163
884,Empires: Age of Discovery,173442
885,World Without End,43528
886,Clever Cubed,316546
887,A War of Whispers,253499
888,Raccoon Tycoon,254386
889,SpaceCorp: 2025-2300AD,214029
890,Super Motherload,162286
891,Exit: The Game – The Secret Lab,203417
892,Smart10,241590
893,Cerebria: The Inside World,218479
894,Unfair,179172
895,Cry Havoc,192457
896,Red7,161417
897,Gentes,217780
898,Santiago,8125
899,"Heroes of Land, Air & Sea",198830
900,FUSE,171273
901,Unlock!: Epic Adventures,294612
902,Tammany Hall,30645
903,Black Angel,230244
904,Hannibal & Hamilcar,227460
905,Vast: The Crystal Caverns,170416
906,Panamax,131287
907,Not Alone,194879
908,Merchants Cove,277700
909,Inventions: Evolution of Ideas,347305
910,Celestia,175117
911,Dale of Merchants,176165
912,Abomination: The Heir of Frankenstein,239472
913,Startups,223770
914,Up Front,586
915,Zombicide Season 2: Prison Outbreak,137988
916,Squad Leader,1035
917,King of New York,160499
918,Letter Jam,275467
919,Jambo,12002
920,Clinic: Deluxe Edition,272739
921,The Duke,36235
922,Lovecraft Letter,198740
923,Parade,56692
924,Tang Garden,252153
925,Brazil: Imperial,249277
926,Dungeons & Dragons: The Legend of Drizzt Board Game,91872
927,Fugitive,197443
928,Morels,122298
929,Last Bastion,285984
930,Battle for Rokugan,234477
931,Pandemic: Rising Tide,234671
932,Outlive,191051
933,Among the Stars,110277
934,Wandering Towers,355483
935,1989: Dawn of Freedom,26997
936,Lords of Xidit,156566
937,Spicy,299169
938,Arcadia Quest: Inferno,179803
939,Stationfall,316624
940,XCOM: The Board Game,163602
941,Roam,267319
942,Dinosaur World,317457
943,ZÈRTZ,528
944,Ohanami,270314
945,One Deck Dungeon,179275
946,Friedrich,12891
947,Imperial Steam,338760
948,Tribune: Primus Inter Pares,30957
949,Star Wars: The Card Game,103886
950,Qwixx,131260
951,Coffee Roaster,196526
952,Vasco da Gama,41002
953,The Lost Expedition,216459
954,Scoville,145659
955,Rurik: Dawn of Kiev,228328
956,Forbidden Island,65244
957,Reef Encounter,12962
958,Codex Naturalis,314503
959,Rhino Hero,91514
960,Werewords,219215
961,Mahjong,2093
962,Spyrium,137269
963,Combat Commander: Pacific,28181
964,Challengers!,359970
965,Yedo,117915
966,Evergreen,363307
967,Jekyll vs. Hyde,297129
968,Earthborne Rangers,342900
969,Star Trek: Fleet Captains,79127
970,Zombicide: Invader,248065
971,Zoo Vadis,368061
972,Life of the Amazonia,368305
973,Evacuation,382843
974,"13 Days: The Cuban Missile Crisis, 1962",177590
975,Black Sonata,231218
976,Washington's War,38996
977,Container,26990
978,Luxor,245643
979,Caylus 1303,284818
980,Hyperborea,119788
981,Roll Through the Ages: The Bronze Age,37380
982,Stella: Dixit Universe,329845
983,Carcassonne: The City,12902
984,Nightmare Productions,904
985,Thunderstone,53953
986,Ca$h 'n Guns: Second Edition,155362
987,Civolution,400602
988,Catacombs (Third Edition),195137
989,Red Rising,329465
990,Last Night on Earth: The Zombie Game,29368
991,San Marco,1041
992,Akrotiri,154458
993,Formula Dé,173
994,Union Pacific,94
995,Pictomania,98229
996,Istanbul: The Dice Game,235488
997,Palm Island,239464
998,Beast,281549
999,Spyfall,166384
1000,The Mind,244992
