bgg_rank,name,hf
1,Brass: Birmingham,1.4288
2,Pandemic Legacy: Season 1,3.0128
3,Ark Nova,2.6555
4,Gloomhaven,3.5021
5,Twilight Imperium: Fourth Edition,1.2193
6,Dune: Imperium,1.6135
7,Terraforming Mars,2.1187
8,War of the Ring: Second Edition,1.5114
9,Star Wars: Rebellion,1.318
10,Spirit Island,2.7648
11,Gloomhaven: Jaws of the Lion,2.7669
12,Gaia Project,1.8618
13,Twilight Struggle,1.8822
14,Through the Ages: A New Story of Civilization,2.759
15,The Castles of Burgundy,1.8242
16,Great Western Trail,1.4642
17,Dune: Imperium – Uprising,1.6635
18,Scythe,1.7354
19,Eclipse: Second Dawn for the Galaxy,1.3114
20,7 Wonders Duel,2.233
21,Brass: Lancashire,1.5441
22,Nemesis,1.4759
23,Clank! Legacy: Acquisitions Incorporated,2.0956
24,A Feast for Odin,1.6649
25,Concordia,1.3333
26,Frosthaven,3.1171
27,Great Western Trail: Second Edition,1.725
28,Arkham Horror: The Card Game,3.1675
29,Lost Ruins of Arnak,1.8517
30,Root,1.9904
31,Terra Mystica,1.7639
32,Wingspan,2.2758
33,Too Many Bones,2.2083
34,Orléans,1.3949
35,Mage Knight Board Game,1.8587
36,Barrage,1.49
37,The Crew: Mission Deep Sea,5.1293
38,Everdell,1.6861
39,Viticulture Essential Edition,1.6297
40,Sky Team,3.4961
41,Heat: Pedal to the Metal,1.9873
42,Marvel Champions: The Card Game,5.946
43,Food Chain Magnate,1.4598
44,Pax Pamir: Second Edition,1.8078
45,Underwater Cities,1.4672
46,Crokinole,3.88
47,Kanban EV,1.3952
48,Puerto Rico,1.8052
49,Cascadia,1.9759
50,Caverna: The Cave Farmers,1.4581
51,Pandemic Legacy: Season 0,2.533
52,Anachrony,1.3866
53,On Mars,1.3985
54,Blood Rage,1.3889
55,Hegemony: Lead Your Class to Victory,1.2795
56,Agricola,1.9462
57,Cthulhu: Death May Die,1.8072
58,Oathsworn: Into the Deepwood,2.4358
59,Sleeping Gods,2.2252
60,Lisboa,1.3409
61,Pandemic Legacy: Season 2,3.0377
62,Obsession,1.8328
63,Mansions of Madness: Second Edition,1.4805
64,Grand Austria Hotel,1.5391
65,Tzolk'in: The Mayan Calendar,1.4671
66,Power Grid,1.3887
67,Maracaibo,1.7113
68,The Quacks of Quedlinburg,1.6256
69,Clans of Caledonia,1.5324
70,Le Havre,1.4965
71,Age of Innovation,1.6282
72,The Gallerist,1.3457
73,Paladins of the West Kingdom,1.4582
74,Star Wars: Imperial Assault,2.2846
75,Android: Netrunner,6.4095
76,Mechs vs. Minions,2.1888
77,The Crew: The Quest for Planet Nine,5.4126
78,Kingdom Death: Monster,3.3535
79,Agricola (Revised Edition),1.9248
80,Azul,2.3285
81,Race for the Galaxy,4.6901
82,Clank!: Catacombs,1.4409
83,Five Tribes: The Djinns of Naqala,1.3936
84,Clank!: A Deck-Building Adventure,1.5741
85,Eclipse: New Dawn for the Galaxy,1.3836
86,Fields of Arle,1.5477
87,Aeon's End,2.5374
88,The Lord of the Rings: Duel for Middle-earth,1.5833
89,Lords of Waterdeep,1.5515
90,Teotihuacan: City of Gods,1.5025
91,El Grande,1.2864
92,Beyond the Sun,1.5257
93,Through the Ages: A Story of Civilization,2.1632
94,Revive,1.5497
95,Dominant Species,1.2
96,Concordia Venus,1.3508
97,Robinson Crusoe: Adventures on the Cursed Island,1.8885
98,7 Wonders,2.1741
99,The Voyages of Marco Polo,1.5285
100,SCOUT,1.8783
101,Darwin's Journey,1.4744
102,The Search for Planet X,1.8538
103,Wingspan Asia,1.787
104,The White Castle,1.6493
105,Decrypto,1.849
106,Trickerion: Legends of Illusion,1.2929
107,Inis,1.399
108,Tainted Grail: The Fall of Avalon,2.8467
109,Battlestar Galactica: The Board Game,1.4588
110,Slay the Spire: The Board Game,2.9492
111,Final Girl,2.7427
112,Splendor Duel,1.8639
113,Architects of the West Kingdom,1.5048
114,Carnegie,1.5139
115,Keyflower,1.3216
116,Great Western Trail: New Zealand,1.4129
117,Tigris & Euphrates,1.616
118,Raiders of the North Sea,1.4028
119,Dwellings of Eldervale,1.3498
120,Dominion: Intrigue,2.5602
121,Ticket to Ride Legacy: Legends of the West,2.6211
122,The Quest for El Dorado,1.5884
123,Caylus,1.4174
124,Lorenzo il Magnifico,1.3242
125,Troyes,1.4532
126,Eldritch Horror,1.641
127,Harmonies,2.7474
128,Blood on the Clocktower,3.9647
129,Mombasa,1.2423
130,The Lord of the Rings: Journeys in Middle-Earth,3.0081
131,Ra,1.4828
132,Voidfall,1.8059
133,Twilight Imperium: Third Edition,1.3129
134,Patchwork,2.0814
135,Nemesis: Lockdown,1.4003
136,Trajan,1.3606
137,Russian Railroads,1.5405
138,Dominion,3.869
139,Age of Steam,1.4029
140,The 7th Continent,2.1647
141,Rising Sun,1.2065
142,Aeon's End: War Eternal,2.4479
143,Hansa Teutonica,1.3172
144,Vinhos: Deluxe Edition,1.3125
145,Arcs,1.5109
146,Wonderland's War,1.2712
147,Clank! In! Space!: A Deck-Building Adventure,1.3921
148,Forbidden Stars,1.3226
149,Iberia,1.5382
150,Yokohama,1.3097
151,Codenames,3.0772
152,Just One,1.8592
153,Champions of Midgard,1.2725
154,Roll for the Galaxy,1.9409
155,PARKS,1.432
156,Pandemic,2.1978
157,Rajas of the Ganges,1.3973
158,Targi,1.475
159,Wyrmspan,1.4937
160,The Isle of Cats,1.6162
161,Hadrian's Wall,2.2595
162,Cartographers,2.2709
163,Res Arcana,1.9955
164,Star Realms,5.1086
165,Tyrants of the Underdark,1.41
166,Watergate,1.621
167,Alchemists,1.3685
168,It's a Wonderful World,2.6693
169,Magic: The Gathering,16.2774
170,Ticket to Ride: Europe,1.8562
171,Undaunted: Normandy,2.1363
172,Too Many Bones: Undertow,1.9444
173,ISS Vanguard,2.7823
174,Praga Caput Regni,1.5985
175,The Lord of the Rings: The Card Game,5.0725
176,Stone Age,1.7057
177,Kemet,1.2511
178,Sherlock Holmes Consulting Detective: The Thames Murders & Other Cases,1.44
179,Endeavor: Age of Sail,1.2587
180,Terraforming Mars: Ares Expedition,1.5724
181,Nucleum,1.3838
182,Viscounts of the West Kingdom,1.5112
183,War Chest,2.7044
184,Legendary Encounters: An Alien Deck Building Game,2.1161
185,Dominion (Second Edition),3.4889
186,Istanbul,1.4704
187,Glen More II: Chronicles,1.369
188,Star Wars: X-Wing Miniatures Game,2.5778
189,Unmatched: Cobble & Fog,1.8255
190,Marco Polo II: In the Service of the Khan,1.3793
191,That's Pretty Clever!,2.9644
192,Radlands,2.0623
193,Xia: Legends of a Drift System,1.37
194,Jaipur,2.0556
195,Welcome To...,2.2151
196,Planet Unknown,1.7532
197,Earth,1.6507
198,Dune,1.2675
199,War of the Ring,1.3784
200,Chaos in the Old World,1.2909
201,Welcome to the Moon,2.6563
202,This War of Mine: The Board Game,1.665
203,Star Wars: Outer Rim,1.3651
204,Memoir '44,2.8178
205,Descent: Journeys in the Dark (Second Edition),2.227
206,The Red Cathedral,1.4074
207,Meadow,1.4468
208,Cosmic Encounter,1.5982
209,Sekigahara: The Unification of Japan,1.3669
210,Sagrada,1.8876
211,Great Western Trail: Argentina,1.3626
212,Castles of Mad King Ludwig,1.5371
213,Horrified,1.5714
214,Space Base,2.1043
215,The Resistance: Avalon,3.1083
216,Railways of the World,1.344
217,Azul: Summer Pavilion,1.5256
218,Modern Art,1.3212
219,Paleo,2.2944
220,Ticket to Ride: Nordic Countries,1.6991
221,7 Wonders (Second Edition),2.6859
222,A Game of Thrones: The Board Game (Second Edition),1.3621
223,Ora et Labora,1.2603
224,Go,4.64
225,Arkham Horror: The Card Game (Revised Edition),3.0852
226,Commands & Colors: Ancients,2.4215
227,Captain Sonar,1.8403
228,Suburbia,1.4871
229,Star Wars: The Deckbuilding Game,1.9314
230,Carcassonne,2.4842
231,Village,1.2635
232,Splendor,2.3202
233,Dead of Winter: A Crossroads Game,1.4262
234,Ankh: Gods of Egypt,1.2971
235,Clash of Cultures: Monumental Edition,1.3046
236,Aeon's End: Legacy,2.967
237,Tichu,2.6581
238,Nidavellir,1.6332
239,Return to Dark Tower,1.4378
240,Star Realms: Colony Wars,3.1923
241,The Taverns of Tiefenthal,1.5362
242,Paths of Glory,1.4615
243,Forest Shuffle,2.6829
244,Under Falling Skies,2.4609
245,Coimbra,1.2332
246,Ticket to Ride,2.1908
247,YINSH,2.0519
248,Nations,1.3865
249,Near and Far,1.7014
250,Calico,1.7626
251,My City,4.6719
252,Combat Commander: Europe,1.973
253,Cyclades,1.3181
254,Secret Hitler,2.7579
255,John Company: Second Edition,1.2922
256,KLASK,4.8727
257,Dinosaur Island,1.2899
258,La Granja,1.3863
259,Codenames: Duet,3.1955
260,Camel Up (Second Edition),1.8004
261,Fantasy Realms,3.0898
262,Legendary: A Marvel Deck Building Game,3.0516
263,Century: Golem Edition,1.6512
264,Hanamikoji,2.2171
265,Deception: Murder in Hong Kong,2.7212
266,"Unmatched: Battle of Legends, Volume One",2.5278
267,Sushi Go Party!,1.8967
268,MicroMacro: Crime City,3.0431
269,Zombicide: Black Plague,1.9313
270,Flamme Rouge,1.7985
271,The Princes of Florence,1.2603
272,Roll Player,1.5533
273,Isle of Skye: From Chieftain to King,1.4486
274,Samurai,1.632
275,Glory to Rome,1.7028
276,Hallertau,1.599
277,Vindication,1.3464
278,Western Legends,1.2384
279,Santorini,3.3743
280,Kanban: Driver's Edition,1.3028
281,Hero Realms,2.9316
282,Pulsar 2849,1.2348
283,Goa: A New Expedition,1.2073
284,Tapestry,1.7531
285,1830: Railways & Robber Barons,1.3443
286,Shogun,1.1818
287,Galaxy Trucker,1.5442
288,Anno 1800: The Board Game,1.3739
289,Endless Winter: Paleoamericans,1.3107
290,Detective: A Modern Crime Board Game,1.6985
291,Viticulture,1.4006
292,1960: The Making of the President,1.2703
293,Chronicles of Crime,1.6442
294,Lewis & Clark: The Expedition,1.3767
295,Monikers,1.5309
296,Bitoku,1.2776
297,Mind MGMT: The Psychic Espionage “Game.”,1.9636
298,Kingdomino,2.2707
299,Bora Bora,1.2596
300,Steam,1.2705
301,Oath,1.4065
302,Kemet: Blood and Sand,1.184
303,Battle Line,2.6076
304,So Clover!,2.3859
305,Marvel United,2.5059
306,Tiletum,1.3822
307,Star Realms: Frontiers,3.1056
308,Skull King,1.959
309,Hive,3.3131
310,T.I.M.E Stories,1.9908
311,Rococo,1.1818
312,Forgotten Waters,1.4031
313,Aeon's End: The New Age,3.1038
314,Cryptid,2.1794
315,Cthulhu Wars,1.4584
316,Ethnos,1.3333
317,Dice Throne: Season Two – Battle Chest,2.1841
318,Seasons,1.853
319,Dixit: Odyssey,1.6147
320,Distilled,1.4548
321,Arcadia Quest,2.1579
322,Turing Machine,3.886
323,Long Shot: The Dice Game,1.5588
324,Sea Salt & Paper,3.3119
325,The Manhattan Project: Energy Empire,1.2857
326,Indonesia,1.1843
327,Foundations of Rome,1.2648
328,Imperial,1.2466
329,Telestrations,1.9886
330,Navegador,1.2152
331,Onitama,2.4781
332,Arkham Horror (Third Edition),1.533
333,Apiary,1.3551
334,Lost Cities,3.0414
335,Love Letter,2.1814
336,Dungeon Petz,1.2873
337,Imperium: Classics,2.1097
338,For Sale,1.9568
339,Space Alert,2.8857
340,Power Grid Deluxe: Europe/North America,1.1944
341,Age of Empires III: The Age of Discovery,1.2302
342,Cloudspire,2.581
343,Cat in the Box: Deluxe Edition,1.5317
344,The Great Zimbabwe,1.5244
345,Acquire,1.3277
346,The King's Dilemma,2.7375
347,The King Is Dead: Second Edition,1.5479
348,Imperial Settlers,1.8
349,Nemo's War (Second Edition),1.6343
350,Survive: Escape from Atlantis!,1.4338
351,The Witcher: Old World,1.3978
352,Love Letter,2.2018
353,Glass Road,1.5374
354,Fury of Dracula (Third/Fourth Edition),1.2222
355,Tikal,1.3451
356,Summoner Wars (Second Edition),2.8933
357,Bunny Kingdom,1.47
358,Century: Spice Road,1.6407
359,Faraway,3.1054
360,Imperial 2030,1.1538
361,Bruges,1.4204
362,Summoner Wars: Master Set,2.3049
363,Heaven & Ale,1.3396
364,Awkward Guests: The Walton Case,1.5382
365,Tiny Epic Galaxies,1.6698
366,Destinies,1.627
367,Chinatown,1.2174
368,Nusfjord,1.7994
369,Thunder Road: Vendetta,1.4603
370,Wayfarers of the South Tigris,1.4978
371,Alien Frontiers,1.2608
372,Runewars,1.2797
373,Project L,1.7972
374,Exit: The Game – The Abandoned Cabin,1.0227
375,Small World,1.6439
376,Flamecraft,1.284
377,Burgle Bros.,1.7332
378,Innovation,2.3402
379,Merchants & Marauders,1.3435
380,Raiders of Scythia,1.4367
381,Bonfire,1.3887
382,Above and Below,1.2993
383,Dorfromantik: The Board Game,3.4493
384,Dead of Winter: The Long Night,1.3373
385,Arboretum,1.6491
386,Neuroshima Hex! 3.0,3.2912
387,Antiquity,1.2736
388,Bärenpark,1.6191
389,Mission: Red Planet (Second/Third Edition),1.2115
390,Sid Meier's Civilization: The Board Game,1.3268
391,Furnace,1.3228
392,Sidereal Confluence,1.1397
393,Mindbug: First Contact,3.2165
394,Letters from Whitechapel,1.4144
395,SETI: Search for Extraterrestrial Intelligence,1.6541
396,Gizmos,1.7493
397,Dungeon Lords,1.2835
398,Dixit,1.6045
399,Tekhenu: Obelisk of the Sun,1.4
400,Marvel United: X-Men,2.335
401,Harry Potter: Hogwarts Battle,2.541
402,BattleLore: Second Edition,1.7394
403,Pax Renaissance: 2nd Edition,2.1411
404,Ginkgopolis,1.588
405,Takenoko,1.6653
406,Mysterium,1.5803
407,Ghost Stories,1.9534
408,Maria,1.2083
409,San Juan,1.9882
410,The Resistance,2.9006
411,"Air, Land, & Sea",1.7069
412,Abyss,1.4608
413,Agricola: All Creatures Big and Small,1.6578
414,Frostpunk: The Board Game,1.7642
415,Dead Reckoning,1.4044
416,Blood Bowl: Team Manager – The Card Game,1.4621
417,Carpe Diem,1.4443
418,Schotten Totten,2.5824
419,Star Wars: Armada,1.9944
420,Lords of Hellas,1.2999
421,51st State: Master Set,1.6372
422,The Guild of Merchant Explorers,1.736
423,The Lord of the Rings: The Card Game – Revised Core Set,4.6028
424,Hannibal: Rome vs. Carthage,1.3871
425,Unmatched: Robin Hood vs. Bigfoot,1.5689
426,Expeditions,1.3868
427,Altiplano,1.2532
428,Newton,1.47
429,Fall of Rome,1.5426
430,Smartphone Inc.,1.2061
431,The Pillars of the Earth,1.2569
432,Notre Dame,1.3094
433,Twice as Clever!,2.5053
434,The Godfather: Corleone's Empire,1.1965
435,At the Gates of Loyang,1.6213
436,Mage Wars Arena,1.8333
437,Marrakesh,1.3231
438,Gùgōng,1.2472
439,Saint Petersburg,1.816
440,Cartographers Heroes,1.8809
441,Arkham Horror,1.6979
442,Blitzkrieg!: World War Two in 20 Minutes,1.9455
443,King of Tokyo,2.1233
444,Keep the Heroes Out!,2.3653
445,Honey Buzz,1.3032
446,Chess,5.7207
447,Downforce,1.7755
448,Akropolis,2.1592
449,Skull,2.0933
450,Dice Forge,1.8212
451,Die Macher,1.0597
452,Endeavor,1.1746
453,In the Year of the Dragon,1.375
454,Ticket to Ride: Märklin,1.3235
455,Descent: Legends of the Dark,2.1491
456,London (Second Edition),1.3254
457,Cubitos,1.5562
458,Tiny Towns,1.6897
459,Boonlake,1.3581
460,IKI,1.2228
461,Bruxelles 1893,1.2544
462,Azul: Stained Glass of Sintra,1.5684
463,San Juan (Second Edition),1.6452
464,King of Tokyo: Dark Edition,1.9703
465,Codenames: Pictures,2.8033
466,Evolution: Climate,1.3765
467,Pan Am,1.2172
468,Civilization,1.1429
469,Spartacus: A Game of Blood and Treachery,1.2439
470,Firefly: The Game,1.3654
471,Here I Stand,1.1714
472,Andromeda's Edge,1.4706
473,Ready Set Bet,1.4358
474,Biblios,1.8698
475,Mythic Battles: Pantheon,1.9795
476,Wavelength,1.6325
477,Imperial Struggle,1.3324
478,The Great Wall,1.2719
479,Sword & Sorcery,2.3023
480,Santa Maria,1.3256
481,Space Hulk (Third Edition),1.8667
482,Imperium: Legends,1.9
483,Sprawlopolis,3.0496
484,Sherlock Holmes Consulting Detective: Jack the Ripper & West End Adventures,1.5415
485,Millennium Blades,1.2885
486,Fresco,1.2101
487,Clash of Cultures,1.2326
488,Nippon,1.3301
489,Commands & Colors: Napoleonics,2.1667
490,Flash Point: Fire Rescue,1.7831
491,Stockpile,1.3529
492,Macao,1.3036
493,Kingsburg,1.3254
494,Mice and Mystics,1.9872
495,Woodcraft,1.4328
496,Thunderstone Quest,1.6984
497,Dune,1.2
498,PitchCar,2.2887
499,Mandala,2.1839
500,Claustrophobia,1.6967
501,Black Orchestra,1.3135
502,Lord of the Rings: The Confrontation,2.2523
503,Caper: Europe,1.8105
504,The LOOP,1.6923
505,Reign of Cthulhu,1.6183
506,The Manhattan Project,1.2581
507,Advanced Squad Leader,2.6667
508,Libertalia: Winds of Galecrest,1.2956
509,Heroscape Master Set: Rise of the Valkyrie,2.6292
510,Zombicide: 2nd Edition,2.2099
511,Unsettled,1.6286
512,Lancaster,1.1765
513,The Vale of Eternity,1.7619
514,Dawn of the Zeds (Third Edition),1.9681
515,MicroMacro: Crime City – Full House,2.8592
516,Middara: Unintentional Malum – Act 1,3.25
517,Glen More,1.4106
518,Pipeline,1.3456
519,A Few Acres of Snow,1.5833
520,Quadropolis,1.3176
521,Colt Express,1.5055
522,No Thanks!,2.433
523,Citadels,1.4831
524,Imperial Settlers: Empires of the North,1.7242
525,Black Rose Wars,1.3377
526,Unmatched: Little Red Riding Hood vs. Beowulf,1.4502
527,Zombie Kidz Evolution,4.3115
528,High Society,1.7618
529,Bohnanza,1.65
530,Hadara,1.4029
531,Undaunted: North Africa,2.058
532,Trekking Through History,1.5121
533,Fire in the Lake,1.2963
534,Fantastic Factories,1.5191
535,Point Salad,2.0612
536,Stuffed Fables,1.8842
537,Mystic Vale,1.9073
538,"Unmatched: Battle of Legends, Volume Two",2.3745
539,Endeavor: Deep Sea,1.6066
540,Citadels,1.6494
541,Legacy of Yu,3.4759
542,Feed the Kraken,1.6341
543,Canvas,1.5519
544,Amun-Re,1.1606
545,Massive Darkness 2: Hellscape,1.973
546,Shadows over Camelot,1.3897
547,For Northwood! A Solo Trick-Taking Game,2.5453
548,Lords of Vegas,1.2374
549,Amerigo,1.2185
550,BattleLore,2.0345
551,Friday,3.1203
552,Hanabi,2.5871
553,Potion Explosion,1.8882
554,Betrayal Legacy,1.9558
555,Pandemic: The Cure,1.9346
556,Exit: The Game – Dead Man on the Orient Express,1.0187
557,Junk Art,1.5676
558,Forbidden Desert,1.6282
559,Sheriff of Nottingham,1.3675
560,Deus,1.3941
561,Through the Desert,1.4444
562,Mansions of Madness,1.3782
563,Blood Bowl (Third Edition),3.108
564,Descent: Journeys in the Dark,1.7607
565,Charterstone,2.4636
566,Oceans,1.4715
567,Imhotep,1.3651
568,Risk Legacy,2.0942
569,CATAN,2.4881
570,Thurn and Taxis,1.6199
571,Railroad Ink: Deep Blue Edition,3.0605
572,Shadows of Brimstone: City of the Ancients,2.32
573,Aquatica,1.4056
574,World Wonders,1.3822
575,Dune: War for Arrakis,1.5111
576,Raptor,1.926
577,Argent: The Consortium,1.1732
578,Bus,1.1667
579,"Labyrinth: The War on Terror, 2001 – ?",1.6062
580,QE,1.3347
581,Alhambra,1.5333
582,Port Royal,2.1609
583,Escape Plan,1.2415
584,Kutná Hora: The City of Silver,1.3059
585,Pagan: Fate of Roanoke,1.5816
586,Star Wars: X-Wing (Second Edition),3.0
587,1846: The Race for the Midwest,1.3758
588,Blood Bowl: Living Rulebook,3.5455
589,Etherfields,3.2143
590,1775: Rebellion,1.2915
591,Ingenious,1.9932
592,Freedom: The Underground Railroad,1.3964
593,Blackout: Hong Kong,1.5123
594,Small World Underground,1.2612
595,Splendor: Marvel,1.8933
596,Fleet: The Dice Game,1.7514
597,Skymines,1.332
598,TZAAR,2.5185
599,Nova Luna,2.1368
600,Las Vegas,1.5794
601,Unfathomable,1.1268
602,Love Letter: Premium Edition,1.8853
603,The Grizzled,2.0
604,Aeon Trespass: Odyssey,4.2989
605,Wabash Cannonball,1.3816
606,Discworld: Ankh-Morpork,1.424
607,RoboRally,1.4438
608,Runebound (Third Edition),1.4694
609,Camel Up,1.6164
610,Dinosaur Island: Rawr 'n Write,1.5441
611,Next Station: London,3.1842
612,Libertalia,1.2925
613,Sushi Go!,2.1059
614,First Class: All Aboard the Orient Express!,1.4922
615,Regicide,3.3445
616,Unmatched Adventures: Tales to Amaze,1.8686
617,London,1.2361
618,Lacrimosa,1.2432
619,Airlines Europe,1.2034
620,Valeria: Card Kingdoms,1.4827
621,Jamaica,1.3343
622,The Fox in the Forest,1.5807
623,Legends of Andor,1.9925
624,Horizons of Spirit Island,1.7692
625,Elysium,1.2831
626,Last Will,1.2642
627,Karuba,1.8083
628,Galaxy Trucker (Second Edition),1.8701
629,Archipelago,1.3604
630,Atlantis Rising (Second Edition),1.2447
631,Vikings,1.5133
632,Euphoria: Build a Better Dystopia,1.295
633,One Night Ultimate Werewolf,4.2195
634,Madeira,1.2703
635,Taj Mahal,1.1325
636,Unconscious Mind,1.2881
637,StarCraft: The Board Game,1.3107
638,Space Empires 4X,1.4681
639,In the Hall of the Mountain King,1.225
640,DVONN,2.1863
641,Sentinels of the Multiverse,2.575
642,Tales of the Arabian Nights,1.2638
643,Time's Up! Title Recall!,1.4242
644,Carcassonne: Hunters and Gatherers,1.8152
645,Draftosaurus,2.3886
646,Broom Service,1.23
647,Warp's Edge,2.5901
648,Pax Porfiriana,1.6731
649,Baseball Highlights: 2045,2.2541
650,Queendomino,1.3697
651,Crusaders: Thy Will Be Done,1.3032
652,Nexus Ops,1.2935
653,Colosseum,1.1467
654,Pathfinder Adventure Card Game: Rise of the Runelords – Base Set,3.4618
655,Star Trek: Ascendancy,1.2407
656,Detective: City of Angels,1.6667
657,Dice Throne: Season One,2.03
658,Roads & Boats,1.3179
659,Vinhos,1.229
660,Let's Go! To Japan,1.7019
661,Egizia,1.315
662,Knarr,2.2475
663,Azul: Queen's Garden,1.8471
664,Weather Machine,1.393
665,Unlock!: Heroic Adventures,1.5019
666,Tobago,1.3169
667,Triumph & Tragedy: European Balance of Power 1936-1945,1.2956
668,Take 5,2.0984
669,Creature Comforts,1.3234
670,AquaSphere,1.2244
671,BattleCON: Devastation of Indines,2.3889
672,Project: ELITE,1.628
673,My Father's Work,1.196
674,Paperback,1.6267
675,Coup,3.4181
676,The Colonists,1.3878
677,Unmatched: Jurassic Park – InGen vs Raptors,1.4886
678,Cooper Island,1.4285
679,Cuba Libre,1.2895
680,Shards of Infinity,2.8537
681,Silver & Gold,1.8395
682,HeroQuest,2.7417
683,Struggle of Empires,1.1132
684,Automobile,1.1378
685,Bullet♥︎,2.7393
686,Coloretto,2.2135
687,Scholars of the South Tigris,1.51
688,Medici,1.3333
689,Unmatched Game System,3.2778
690,Barcelona,1.3199
691,Francis Drake,1.122
692,Whitehall Mystery,1.6385
693,War of the Ring: The Card Game,1.5
694,Thebes,1.2219
695,Carson City,1.2273
696,The Battle of Five Armies,1.306
697,Zombicide: Green Horde,1.8032
698,Zombicide,1.945
699,Evolution,1.5136
700,A Game of Thrones,1.2857
701,Gears of War: The Board Game,1.7619
702,Trio,3.6768
703,Golem,1.3692
704,Conan,1.7024
705,First Rat,1.3297
706,Quantum,1.5459
707,Hammer of the Scots,1.4211
708,Star Wars: Destiny,4.8176
709,Three Sisters,1.7244
710,Yellow & Yangtze,1.4958
711,A Fake Artist Goes to New York,2.5053
712,HITSTER,2.5062
713,Betrayal at House on the Hill,1.4645
714,Formula D,1.4741
715,A Game of Thrones: The Card Game (Second Edition),4.1667
716,Telestrations: 12 Player Party Pack,1.9389
717,The Downfall of Pompeii,1.475
718,Mosaic: A Story of Civilization,1.1875
719,Photosynthesis,1.2413
720,Blood Bowl (2016 Edition),2.4029
721,Mare Nostrum: Empires,1.1992
722,Time's Up!,1.5205
723,Between Two Castles of Mad King Ludwig,1.2756
724,Taluva,1.8014
725,Living Forest,1.8659
726,Disney Villainous: Wicked to the Core,1.3022
727,Kingdom Builder,2.0926
728,Cacao,1.6673
729,Beer & Bread,1.4248
730,Magic Maze,2.7182
731,Lord of the Rings: The Confrontation,2.0548
732,Brian Boru: High King of Ireland,1.2181
733,Elder Sign,1.7731
734,Cribbage,4.0058
735,Mille Fiori,1.3764
736,Trains,1.4076
737,Pax Renaissance,1.7348
738,Fort,1.3656
739,Mr. Jack,2.1414
740,High Frontier 4 All,1.6951
741,Chronicles of Crime: 1400,1.5168
742,Dominant Species: Marine,1.1693
743,One Night Ultimate Werewolf: Daybreak,3.3417
744,Star Wars: The Clone Wars,1.4781
745,Bloodborne: The Board Game,2.211
746,Merv: The Heart of the Silk Road,1.276
747,Trails of Tucana,2.2494
748,Verdant,1.6504
749,The Adventures of Robin Hood,2.13
750,Civilization: A New Dawn,1.288
751,Star Wars: X-Wing Miniatures Game – The Force Awakens Core Set,2.1429
752,The Republic of Rome,1.1464
753,Snowdonia,1.336
754,Churchill,1.1905
755,Railroad Ink Challenge: Lush Green Edition,2.0752
756,Shakespeare,1.2489
757,Unlock!: Timeless Adventures,1.5658
758,Summoner Wars,2.375
759,Twilight Inscription,1.3453
760,Feudum,1.2324
761,Sub Terra,1.5421
762,Escape: The Curse of the Temple,2.5269
763,The Magnificent,1.3498
764,Disney Villainous: Evil Comes Prepared,1.2792
765,The Oracle of Delphi,1.4177
766,AuZtralia,1.4557
767,Torres,1.2819
768,Can't Stop,2.8533
769,KeyForge: Call of the Archons,4.1295
770,Belfort,1.1686
771,Ascension: Deckbuilding Game,5.6276
772,Cuba,1.2198
773,Mexica,1.129
774,Ticket to Ride: Rails & Sails,1.3425
775,D-Day at Omaha Beach,1.694
776,Treasure Island,1.3289
777,Whistle Mountain,1.1644
778,Federation,1.2909
779,The Bloody Inn,1.5833
780,Yamataï,1.161
781,Babylonia,1.5714
782,Tokaido,1.5864
783,7 Wonders: Architects,2.7493
784,Ashes Reborn: Rise of the Phoenixborn,2.3055
785,Oh My Goods!,1.8172
786,Luna,1.2105
787,The Estates,1.2709
788,Shikoku 1889,1.2222
789,Dixit: Journey,1.3443
790,Onirim (Second Edition),5.5154
791,Love Letter: Batman,1.7939
792,Century: A New World,1.3651
793,The Shipwreck Arcana,1.8531
794,Carcassonne: The Castle,1.8036
795,Myrmes,1.2357
796,Space Hulk: Death Angel – The Card Game,1.8562
797,Trismegistus: The Ultimate Formula,1.3924
798,Exit: The Game – The Pharaoh's Tomb,1.0116
799,Top Ten,1.8868
800,Arkwright,1.1633
801,Tash-Kalar: Arena of Legends,1.9692
802,Fury of Dracula (Second Edition),1.2667
803,Smash Up: Awesome Level 9000,1.5
804,Wir sind das Volk!,1.7207
805,Daybreak,2.6471
806,Dragon Castle,1.4911
807,Star Wars: Unlimited,9.6691
808,Shadows of Brimstone: Swamps of Death,2.0822
809,Maquis,2.8081
810,Diplomacy,1.4286
811,Earth Reborn,1.7625
812,BANG! The Dice Game,2.3244
813,Wits & Wagers,1.8035
814,Menara,1.8074
815,Leaving Earth,1.5714
816,City of the Big Shoulders,1.3483
817,Prêt-à-Porter,1.1765
818,Defenders of the Realm,1.5251
819,Witchstone,1.2897
820,Caesar!: Seize Rome in 20 Minutes!,2.3084
821,Steampunk Rally,1.224
822,Crystal Palace,1.1667
823,Messina 1347,1.3879
824,Empire of the Sun: The Pacific War 1941-1945,1.4118
825,K2,1.4317
826,Coal Baron,1.1892
827,My Little Scythe,1.4236
828,Villagers,1.588
829,ZhanGuo,1.1667
830,Specter Ops,1.3001
831,Century: Eastern Wonders,1.3281
832,The Networks,1.2337
833,Between Two Cities,1.4476
834,Warhammer Quest: The Adventure Card Game,2.1579
835,The 7th Citadel,2.5575
836,Tiny Epic Dungeons,1.9354
837,Vegas Showdown,1.1852
838,Moonrakers,1.2826
839,Roll Player Adventures,2.4244
840,Dogs of War,1.1304
841,La Granja: Deluxe Master Set,1.3957
842,New Frontiers,1.5004
843,Reef,1.4501
844,Detective Club,1.2744
845,New York Zoo,1.4583
846,Perudo,2.2101
847,Advanced Squad Leader: Starter Kit #1,1.6396
848,Rhino Hero: Super Battle,1.799
849,Yspahan,1.4138
850,Ezra and Nehemiah,1.4272
851,Khôra: Rise of an Empire,1.3658
852,Blue Moon City,1.3217
853,Eminent Domain,1.5984
854,CO₂: Second Chance,1.6054
855,Deep Sea Adventure,1.7288
856,Azul: Master Chocolatier,2.106
857,Middle-Earth Quest,1.25
858,Thunderstone Advance: Towers of Ruin,1.682
859,Finca,1.3958
860,Blokus,1.9868
861,Wallenstein,1.2
862,Wizard,1.9548
863,Paris: La Cité de la Lumière,1.5686
864,Disney Villainous: The Worst Takes it All,1.6125
865,The Pursuit of Happiness,1.305
866,Warhammer: Invasion,4.0955
867,Undaunted: Stalingrad,2.5677
868,Shipyard,1.1944
869,Kanagawa,1.6024
870,878 Vikings: Invasions of England,1.2338
871,Ricochet Robots,1.5318
872,Circadians: First Light,1.3967
873,Incan Gold,1.9333
874,Blue Lagoon,1.3097
875,Caverna: Cave vs Cave,1.5
876,Tumblin' Dice,2.7346
877,Crown of Emara,1.3229
878,Dice Hospital,1.5595
879,Disney Villainous: Perfectly Wretched,1.2609
880,Railroad Ink: Blazing Red Edition,2.039
881,Saint Petersburg (Second Edition),1.3171
882,Ex Libris,1.311
883,Space Hulk,2.0
884,Clever Cubed,2.2459
885,Empires: Age of Discovery,1.125
886,World Without End,1.2434
887,A War of Whispers,1.1822
888,Raccoon Tycoon,1.2231
889,SpaceCorp: 2025-2300AD,1.3976
890,Smart10,2.099
891,Super Motherload,1.2526
892,Exit: The Game – The Secret Lab,1.0196
893,Cerebria: The Inside World,1.3269
894,Unfair,1.3947
895,Cry Havoc,1.2333
896,Red7,2.4141
897,Santiago,1.1667
898,Gentes,1.2233
899,"Heroes of Land, Air & Sea",1.2245
900,FUSE,2.6363
901,Unlock!: Epic Adventures,1.5286
902,Black Angel,1.3178
903,Tammany Hall,1.1042
904,Hannibal & Hamilcar,1.3642
905,Vast: The Crystal Caverns,1.3137
906,Not Alone,1.6028
907,Panamax,1.1588
908,Merchants Cove,1.4115
909,Inventions: Evolution of Ideas,1.3556
910,Celestia,1.6617
911,Abomination: The Heir of Frankenstein,1.1707
912,Dale of Merchants,1.6803
913,Up Front,2.5
914,Startups,1.9437
915,Zombicide Season 2: Prison Outbreak,1.5742
916,Squad Leader,1.75
917,King of New York,1.5291
918,Clinic: Deluxe Edition,1.3472
919,The Duke,2.3574
920,Jambo,1.6388
921,Letter Jam,1.4615
922,Lovecraft Letter,2.1382
923,Parade,1.6811
924,Tang Garden,1.2756
925,Brazil: Imperial,1.3303
926,Dungeons & Dragons: The Legend of Drizzt Board Game,1.7899
927,Fugitive,2.4208
928,Last Bastion,1.9515
929,Morels,1.6993
930,Battle for Rokugan,1.2051
931,Pandemic: Rising Tide,1.5516
932,Outlive,1.2199
933,Among the Stars,1.2965
934,Wandering Towers,1.625
935,1989: Dawn of Freedom,1.2727
936,Lords of Xidit,1.2
937,Spicy,2.6723
938,Arcadia Quest: Inferno,1.8859
939,Stationfall,1.2996
940,XCOM: The Board Game,1.4271
941,Roam,1.5185
942,Dinosaur World,1.1861
943,Ohanami,1.9439
944,ZÈRTZ,2.2278
945,One Deck Dungeon,2.6207
946,Friedrich,1.2564
947,Imperial Steam,1.2439
948,Tribune: Primus Inter Pares,1.1907
949,Star Wars: The Card Game,3.4085
950,Qwixx,2.6047
951,Coffee Roaster,2.4348
952,Vasco da Gama,1.1724
953,The Lost Expedition,2.0597
954,Scoville,1.1478
955,Rurik: Dawn of Kiev,1.2168
956,Forbidden Island,1.7009
957,Reef Encounter,1.2817
958,Codex Naturalis,1.8823
959,Rhino Hero,2.331
960,Werewords,4.0778
961,Mahjong,3.5833
962,Spyrium,1.2453
963,Earthborne Rangers,2.6582
964,Challengers!,2.6547
965,Combat Commander: Pacific,1.5714
966,Evergreen,1.6991
967,Yedo,1.1707
968,Evacuation,1.3458
969,Life of the Amazonia,1.4008
970,Star Trek: Fleet Captains,1.3275
971,Jekyll vs. Hyde,2.4143
972,Zoo Vadis,1.3672
973,Zombicide: Invader,2.0149
974,Civolution,1.3333
975,"13 Days: The Cuban Missile Crisis, 1962",1.6359
976,Black Sonata,1.944
977,Washington's War,1.3138
978,Container,1.1429
979,Luxor,1.604
980,Caylus 1303,1.194
981,Hyperborea,1.22
982,Roll Through the Ages: The Bronze Age,1.9635
983,Stella: Dixit Universe,1.672
984,Carcassonne: The City,1.3125
985,Nightmare Productions,1.1826
986,Thunderstone,1.74
987,Ca$h 'n Guns: Second Edition,1.466
988,Catacombs (Third Edition),1.2703
989,Red Rising,1.5847
990,Last Night on Earth: The Zombie Game,1.5584
991,San Marco,1.1333
992,Formula Dé,1.5407
993,Akrotiri,1.22
994,Union Pacific,1.1667
995,Pictomania,1.3731
996,Istanbul: The Dice Game,1.7214
997,Palm Island,3.2717
998,Beast,1.3333
999,Spyfall,2.9418
1000,The Mind,2.3981
